county,year,split,单产,city,county_train_yield_mean,county_train_yield_median,county_train_yield_std,county_train_yield_count,city_train_yield_mean,city_train_yield_median,city_train_yield_std,city_train_yield_count,train_year_yield_mean,train_year_yield_std,county_vs_city_train_yield_mean
临湘市,2012,val,5.955323383084577,岳阳市,5.821130177514792,5.821130177514792,6.514234750159986,1,6.246953775679741,6.177177653882163,0.35078381562379407,46,6.086036913002932,0.4502613723398215,-0.42582359816494897
临湘市,2013,val,5.834462151394423,岳阳市,5.821130177514792,5.821130177514792,6.514234750159986,1,6.246953775679741,6.177177653882163,0.35078381562379407,46,6.119090381396531,0.7059045473608287,-0.42582359816494897
临湘市,2014,val,5.895629820051414,岳阳市,5.821130177514792,5.821130177514792,6.514234750159986,1,6.246953775679741,6.177177653882163,0.35078381562379407,46,6.107212508684318,0.5803804712146549,-0.42582359816494897
临湘市,2015,test,5.923714397957179,岳阳市,5.821130177514792,5.821130177514792,6.514234750159986,1,6.246953775679741,6.177177653882163,0.35078381562379407,46,6.416045213660415,1.072020979691334,-0.42582359816494897
临湘市,2016,train,5.821130177514792,岳阳市,5.821130177514792,5.821130177514792,6.514234750159986,1,6.246953775679741,6.177177653882163,0.35078381562379407,46,6.3064721147441825,0.8712105806935805,-0.42582359816494897
临湘市,2017,test,6.399967590618337,岳阳市,5.821130177514792,5.821130177514792,6.514234750159986,1,6.246953775679741,6.177177653882163,0.35078381562379407,46,6.327430007526471,0.764401787671466,-0.42582359816494897
临湘市,2018,test,6.288230552196695,岳阳市,5.821130177514792,5.821130177514792,6.514234750159986,1,6.246953775679741,6.177177653882163,0.35078381562379407,46,7.221538572532166,0.9389707328235969,-0.42582359816494897
临湘市,2019,test,6.342708120269994,岳阳市,5.821130177514792,5.821130177514792,6.514234750159986,1,6.246953775679741,6.177177653882163,0.35078381562379407,46,6.926644802578423,0.848212665604444,-0.42582359816494897
临湘市,2020,val,6.379432624113475,岳阳市,5.821130177514792,5.821130177514792,6.514234750159986,1,6.246953775679741,6.177177653882163,0.35078381562379407,46,6.730935357890686,0.7081627342704553,-0.42582359816494897
临湘市,2021,test,6.556645657430531,岳阳市,5.821130177514792,5.821130177514792,6.514234750159986,1,6.246953775679741,6.177177653882163,0.35078381562379407,46,7.098739496826202,0.853627234377587,-0.42582359816494897
临澧县,2012,train,5.551878482833004,常德市,5.750940285073895,5.589086235105759,0.33925250024127407,6,6.109209013456845,6.10461732309118,0.5873004982652431,46,6.086036913002932,0.4502613723398215,-0.3582687283829502
临澧县,2013,train,5.4851699463327375,常德市,5.750940285073895,5.589086235105759,0.33925250024127407,6,6.109209013456845,6.10461732309118,0.5873004982652431,46,6.119090381396531,0.7059045473608287,-0.3582687283829502
临澧县,2014,train,5.565833184497231,常德市,5.750940285073895,5.589086235105759,0.33925250024127407,6,6.109209013456845,6.10461732309118,0.5873004982652431,46,6.107212508684318,0.5803804712146549,-0.3582687283829502
临澧县,2015,train,5.6123392857142855,常德市,5.750940285073895,5.589086235105759,0.33925250024127407,6,6.109209013456845,6.10461732309118,0.5873004982652431,46,6.416045213660415,1.072020979691334,-0.3582687283829502
临澧县,2016,train,5.920678571428572,常德市,5.750940285073895,5.589086235105759,0.33925250024127407,6,6.109209013456845,6.10461732309118,0.5873004982652431,46,6.3064721147441825,0.8712105806935805,-0.3582687283829502
临澧县,2017,test,6.047108152674763,常德市,5.750940285073895,5.589086235105759,0.33925250024127407,6,6.109209013456845,6.10461732309118,0.5873004982652431,46,6.327430007526471,0.764401787671466,-0.3582687283829502
临澧县,2018,test,6.372839587547324,常德市,5.750940285073895,5.589086235105759,0.33925250024127407,6,6.109209013456845,6.10461732309118,0.5873004982652431,46,7.221538572532166,0.9389707328235969,-0.3582687283829502
临澧县,2019,test,6.488564854841658,常德市,5.750940285073895,5.589086235105759,0.33925250024127407,6,6.109209013456845,6.10461732309118,0.5873004982652431,46,6.926644802578423,0.848212665604444,-0.3582687283829502
临澧县,2020,val,6.193361582496384,常德市,5.750940285073895,5.589086235105759,0.33925250024127407,6,6.109209013456845,6.10461732309118,0.5873004982652431,46,6.730935357890686,0.7081627342704553,-0.3582687283829502
临澧县,2021,train,6.369742239637544,常德市,5.750940285073895,5.589086235105759,0.33925250024127407,6,6.109209013456845,6.10461732309118,0.5873004982652431,46,7.098739496826202,0.853627234377587,-0.3582687283829502
云溪区,2012,train,6.915584415584416,岳阳市,6.938054712356217,6.915584415584416,0.2798011174765792,5,6.246953775679741,6.177177653882163,0.35078381562379407,46,6.086036913002932,0.4502613723398215,0.6911009366764755
云溪区,2013,train,6.609090909090909,岳阳市,6.938054712356217,6.915584415584416,0.2798011174765792,5,6.246953775679741,6.177177653882163,0.35078381562379407,46,6.119090381396531,0.7059045473608287,0.6911009366764755
云溪区,2014,test,6.69377358490566,岳阳市,6.938054712356217,6.915584415584416,0.2798011174765792,5,6.246953775679741,6.177177653882163,0.35078381562379407,46,6.107212508684318,0.5803804712146549,0.6911009366764755
云溪区,2015,train,6.772508474576271,岳阳市,6.938054712356217,6.915584415584416,0.2798011174765792,5,6.246953775679741,6.177177653882163,0.35078381562379407,46,6.416045213660415,1.072020979691334,0.6911009366764755
云溪区,2016,test,6.604143126177025,岳阳市,6.938054712356217,6.915584415584416,0.2798011174765792,5,6.246953775679741,6.177177653882163,0.35078381562379407,46,6.3064721147441825,0.8712105806935805,0.6911009366764755
云溪区,2017,test,6.611641628424484,岳阳市,6.938054712356217,6.915584415584416,0.2798011174765792,5,6.246953775679741,6.177177653882163,0.35078381562379407,46,6.327430007526471,0.764401787671466,0.6911009366764755
云溪区,2018,val,6.377534596331675,岳阳市,6.938054712356217,6.915584415584416,0.2798011174765792,5,6.246953775679741,6.177177653882163,0.35078381562379407,46,7.221538572532166,0.9389707328235969,0.6911009366764755
云溪区,2019,train,7.049248120300752,岳阳市,6.938054712356217,6.915584415584416,0.2798011174765792,5,6.246953775679741,6.177177653882163,0.35078381562379407,46,6.926644802578423,0.848212665604444,0.6911009366764755
云溪区,2020,val,6.560650319829423,岳阳市,6.938054712356217,6.915584415584416,0.2798011174765792,5,6.246953775679741,6.177177653882163,0.35078381562379407,46,6.730935357890686,0.7081627342704553,0.6911009366764755
云溪区,2021,train,7.343841642228739,岳阳市,6.938054712356217,6.915584415584416,0.2798011174765792,5,6.246953775679741,6.177177653882163,0.35078381562379407,46,7.098739496826202,0.853627234377587,0.6911009366764755
公安县,2012,test,7.959777980535279,荆州市,8.154851630338172,8.282631981431525,0.3360788561618288,6,7.348053848752089,7.893754229446616,1.2065128355413912,46,6.086036913002932,0.4502613723398215,0.8067977815860825
公安县,2013,test,8.11244769874477,荆州市,8.154851630338172,8.282631981431525,0.3360788561618288,6,7.348053848752089,7.893754229446616,1.2065128355413912,46,6.119090381396531,0.7059045473608287,0.8067977815860825
公安县,2014,train,7.932644163150493,荆州市,8.154851630338172,8.282631981431525,0.3360788561618288,6,7.348053848752089,7.893754229446616,1.2065128355413912,46,6.107212508684318,0.5803804712146549,0.8067977815860825
公安县,2015,test,8.14626585928489,荆州市,8.154851630338172,8.282631981431525,0.3360788561618288,6,7.348053848752089,7.893754229446616,1.2065128355413912,46,6.416045213660415,1.072020979691334,0.8067977815860825
公安县,2016,val,7.46687821093986,荆州市,8.154851630338172,8.282631981431525,0.3360788561618288,6,7.348053848752089,7.893754229446616,1.2065128355413912,46,6.3064721147441825,0.8712105806935805,0.8067977815860825
公安县,2017,train,7.583563594929498,荆州市,8.154851630338172,8.282631981431525,0.3360788561618288,6,7.348053848752089,7.893754229446616,1.2065128355413912,46,6.327430007526471,0.764401787671466,0.8067977815860825
公安县,2018,train,8.320983606557377,荆州市,8.154851630338172,8.282631981431525,0.3360788561618288,6,7.348053848752089,7.893754229446616,1.2065128355413912,46,7.221538572532166,0.9389707328235969,0.8067977815860825
公安县,2019,train,8.357809354647719,荆州市,8.154851630338172,8.282631981431525,0.3360788561618288,6,7.348053848752089,7.893754229446616,1.2065128355413912,46,6.926644802578423,0.848212665604444,0.8067977815860825
公安县,2020,train,8.244280356305673,荆州市,8.154851630338172,8.282631981431525,0.3360788561618288,6,7.348053848752089,7.893754229446616,1.2065128355413912,46,6.730935357890686,0.7081627342704553,0.8067977815860825
公安县,2021,train,8.489828706438274,荆州市,8.154851630338172,8.282631981431525,0.3360788561618288,6,7.348053848752089,7.893754229446616,1.2065128355413912,46,7.098739496826202,0.853627234377587,0.8067977815860825
华容县,2012,train,6.036064257028112,岳阳市,6.186708571067612,6.195113763521074,0.25340372040348397,5,6.246953775679741,6.177177653882163,0.35078381562379407,46,6.086036913002932,0.4502613723398215,-0.06024520461212912
华容县,2013,val,5.912704545454545,岳阳市,6.186708571067612,6.195113763521074,0.25340372040348397,5,6.246953775679741,6.177177653882163,0.35078381562379407,46,6.119090381396531,0.7059045473608287,-0.06024520461212912
华容县,2014,test,5.933381696428572,岳阳市,6.186708571067612,6.195113763521074,0.25340372040348397,5,6.246953775679741,6.177177653882163,0.35078381562379407,46,6.107212508684318,0.5803804712146549,-0.06024520461212912
华容县,2015,val,5.983088674858851,岳阳市,6.186708571067612,6.195113763521074,0.25340372040348397,5,6.246953775679741,6.177177653882163,0.35078381562379407,46,6.416045213660415,1.072020979691334,-0.06024520461212912
华容县,2016,train,5.852489488824961,岳阳市,6.186708571067612,6.195113763521074,0.25340372040348397,5,6.246953775679741,6.177177653882163,0.35078381562379407,46,6.3064721147441825,0.8712105806935805,-0.06024520461212912
华容县,2017,test,6.333892824626444,岳阳市,6.186708571067612,6.195113763521074,0.25340372040348397,5,6.246953775679741,6.177177653882163,0.35078381562379407,46,6.327430007526471,0.764401787671466,-0.06024520461212912
华容县,2018,test,6.329909819639279,岳阳市,6.186708571067612,6.195113763521074,0.25340372040348397,5,6.246953775679741,6.177177653882163,0.35078381562379407,46,7.221538572532166,0.9389707328235969,-0.06024520461212912
华容县,2019,train,6.195113763521074,岳阳市,6.186708571067612,6.195113763521074,0.25340372040348397,5,6.246953775679741,6.177177653882163,0.35078381562379407,46,6.926644802578423,0.848212665604444,-0.06024520461212912
华容县,2020,train,6.358301269598567,岳阳市,6.186708571067612,6.195113763521074,0.25340372040348397,5,6.246953775679741,6.177177653882163,0.35078381562379407,46,6.730935357890686,0.7081627342704553,-0.06024520461212912
华容县,2021,train,6.491574076365346,岳阳市,6.186708571067612,6.195113763521074,0.25340372040348397,5,6.246953775679741,6.177177653882163,0.35078381562379407,46,7.098739496826202,0.853627234377587,-0.06024520461212912
南县,2012,val,6.024159320927196,益阳市,6.26736343037916,5.972801606668614,0.5186057587157223,6,6.21787687108412,6.18798065853097,0.30859416133768147,35,6.086036913002932,0.4502613723398215,0.04948655929504042
南县,2013,train,5.908048595292331,益阳市,6.26736343037916,5.972801606668614,0.5186057587157223,6,6.21787687108412,6.18798065853097,0.30859416133768147,35,6.119090381396531,0.7059045473608287,0.04948655929504042
南县,2014,train,5.963934426229508,益阳市,6.26736343037916,5.972801606668614,0.5186057587157223,6,6.21787687108412,6.18798065853097,0.30859416133768147,35,6.107212508684318,0.5803804712146549,0.04948655929504042
南县,2015,train,5.981668787107719,益阳市,6.26736343037916,5.972801606668614,0.5186057587157223,6,6.21787687108412,6.18798065853097,0.30859416133768147,35,6.416045213660415,1.072020979691334,0.04948655929504042
南县,2016,train,5.884653517561438,益阳市,6.26736343037916,5.972801606668614,0.5186057587157223,6,6.21787687108412,6.18798065853097,0.30859416133768147,35,6.3064721147441825,0.8712105806935805,0.04948655929504042
南县,2017,test,6.707881290139484,益阳市,6.26736343037916,5.972801606668614,0.5186057587157223,6,6.21787687108412,6.18798065853097,0.30859416133768147,35,6.327430007526471,0.764401787671466,0.04948655929504042
南县,2018,train,7.001919588875453,益阳市,6.26736343037916,5.972801606668614,0.5186057587157223,6,6.21787687108412,6.18798065853097,0.30859416133768147,35,7.221538572532166,0.9389707328235969,0.04948655929504042
南县,2019,test,6.723968696113543,益阳市,6.26736343037916,5.972801606668614,0.5186057587157223,6,6.21787687108412,6.18798065853097,0.30859416133768147,35,6.926644802578423,0.848212665604444,0.04948655929504042
南县,2020,train,6.863955667208512,益阳市,6.26736343037916,5.972801606668614,0.5186057587157223,6,6.21787687108412,6.18798065853097,0.30859416133768147,35,6.730935357890686,0.7081627342704553,0.04948655929504042
南县,2021,test,7.017066209201555,益阳市,6.26736343037916,5.972801606668614,0.5186057587157223,6,6.21787687108412,6.18798065853097,0.30859416133768147,35,7.098739496826202,0.853627234377587,0.04948655929504042
君山区,2012,test,6.207692307692308,岳阳市,6.169838622638012,6.137602311025518,0.2128844223063271,5,6.246953775679741,6.177177653882163,0.35078381562379407,46,6.086036913002932,0.4502613723398215,-0.07711515304172956
君山区,2013,val,6.08258971871969,岳阳市,6.169838622638012,6.137602311025518,0.2128844223063271,5,6.246953775679741,6.177177653882163,0.35078381562379407,46,6.119090381396531,0.7059045473608287,-0.07711515304172956
君山区,2014,train,6.137602311025518,岳阳市,6.169838622638012,6.137602311025518,0.2128844223063271,5,6.246953775679741,6.177177653882163,0.35078381562379407,46,6.107212508684318,0.5803804712146549,-0.07711515304172956
君山区,2015,test,6.155461095100865,岳阳市,6.169838622638012,6.137602311025518,0.2128844223063271,5,6.246953775679741,6.177177653882163,0.35078381562379407,46,6.416045213660415,1.072020979691334,-0.07711515304172956
君山区,2016,train,6.0300289995166745,岳阳市,6.169838622638012,6.137602311025518,0.2128844223063271,5,6.246953775679741,6.177177653882163,0.35078381562379407,46,6.3064721147441825,0.8712105806935805,-0.07711515304172956
君山区,2017,train,6.001078294642728,岳阳市,6.169838622638012,6.137602311025518,0.2128844223063271,5,6.246953775679741,6.177177653882163,0.35078381562379407,46,6.327430007526471,0.764401787671466,-0.07711515304172956
君山区,2018,val,6.0724230795093455,岳阳市,6.169838622638012,6.137602311025518,0.2128844223063271,5,6.246953775679741,6.177177653882163,0.35078381562379407,46,7.221538572532166,0.9389707328235969,-0.07711515304172956
君山区,2019,train,6.147707736389685,岳阳市,6.169838622638012,6.137602311025518,0.2128844223063271,5,6.246953775679741,6.177177653882163,0.35078381562379407,46,6.926644802578423,0.848212665604444,-0.07711515304172956
君山区,2020,train,6.532775771615453,岳阳市,6.169838622638012,6.137602311025518,0.2128844223063271,5,6.246953775679741,6.177177653882163,0.35078381562379407,46,6.730935357890686,0.7081627342704553,-0.07711515304172956
君山区,2021,val,6.503240236279177,岳阳市,6.169838622638012,6.137602311025518,0.2128844223063271,5,6.246953775679741,6.177177653882163,0.35078381562379407,46,7.098739496826202,0.853627234377587,-0.07711515304172956
安乡县,2012,train,6.338179871520342,常德市,6.213492054803204,6.123754543510797,0.3510102979262848,5,6.109209013456845,6.10461732309118,0.5873004982652431,46,6.086036913002932,0.4502613723398215,0.1042830413463589
安乡县,2013,train,6.123754543510797,常德市,6.213492054803204,6.123754543510797,0.3510102979262848,5,6.109209013456845,6.10461732309118,0.5873004982652431,46,6.119090381396531,0.7059045473608287,0.1042830413463589
安乡县,2014,train,6.1095720008433485,常德市,6.213492054803204,6.123754543510797,0.3510102979262848,5,6.109209013456845,6.10461732309118,0.5873004982652431,46,6.107212508684318,0.5803804712146549,0.1042830413463589
安乡县,2015,test,5.722556390977443,常德市,6.213492054803204,6.123754543510797,0.3510102979262848,5,6.109209013456845,6.10461732309118,0.5873004982652431,46,6.416045213660415,1.072020979691334,0.1042830413463589
安乡县,2016,train,5.7704545454545455,常德市,6.213492054803204,6.123754543510797,0.3510102979262848,5,6.109209013456845,6.10461732309118,0.5873004982652431,46,6.3064721147441825,0.8712105806935805,0.1042830413463589
安乡县,2017,test,6.4006224103532166,常德市,6.213492054803204,6.123754543510797,0.3510102979262848,5,6.109209013456845,6.10461732309118,0.5873004982652431,46,6.327430007526471,0.764401787671466,0.1042830413463589
安乡县,2018,test,6.694892229899896,常德市,6.213492054803204,6.123754543510797,0.3510102979262848,5,6.109209013456845,6.10461732309118,0.5873004982652431,46,7.221538572532166,0.9389707328235969,0.1042830413463589
安乡县,2019,test,6.782958888707454,常德市,6.213492054803204,6.123754543510797,0.3510102979262848,5,6.109209013456845,6.10461732309118,0.5873004982652431,46,6.926644802578423,0.848212665604444,0.1042830413463589
安乡县,2020,test,6.538009958304659,常德市,6.213492054803204,6.123754543510797,0.3510102979262848,5,6.109209013456845,6.10461732309118,0.5873004982652431,46,6.730935357890686,0.7081627342704553,0.1042830413463589
安乡县,2021,train,6.725499312686989,常德市,6.213492054803204,6.123754543510797,0.3510102979262848,5,6.109209013456845,6.10461732309118,0.5873004982652431,46,7.098739496826202,0.853627234377587,0.1042830413463589
安化县,2012,train,6.53615221987315,益阳市,6.152653061167856,6.126602812858776,0.21042737294160196,8,6.21787687108412,6.18798065853097,0.30859416133768147,35,6.086036913002932,0.4502613723398215,-0.06522380991626431
安化县,2013,train,6.266096368715084,益阳市,6.152653061167856,6.126602812858776,0.21042737294160196,8,6.21787687108412,6.18798065853097,0.30859416133768147,35,6.119090381396531,0.7059045473608287,-0.06522380991626431
安化县,2014,test,6.260716700473293,益阳市,6.152653061167856,6.126602812858776,0.21042737294160196,8,6.21787687108412,6.18798065853097,0.30859416133768147,35,6.107212508684318,0.5803804712146549,-0.06522380991626431
安化县,2015,train,6.285921674544227,益阳市,6.152653061167856,6.126602812858776,0.21042737294160196,8,6.21787687108412,6.18798065853097,0.30859416133768147,35,6.416045213660415,1.072020979691334,-0.06522380991626431
安化县,2016,test,6.03976430976431,益阳市,6.152653061167856,6.126602812858776,0.21042737294160196,8,6.21787687108412,6.18798065853097,0.30859416133768147,35,6.3064721147441825,0.8712105806935805,-0.06522380991626431
安化县,2017,train,5.988693603151647,益阳市,6.152653061167856,6.126602812858776,0.21042737294160196,8,6.21787687108412,6.18798065853097,0.30859416133768147,35,6.327430007526471,0.764401787671466,-0.06522380991626431
安化县,2018,train,6.195748901350041,益阳市,6.152653061167856,6.126602812858776,0.21042737294160196,8,6.21787687108412,6.18798065853097,0.30859416133768147,35,7.221538572532166,0.9389707328235969,-0.06522380991626431
安化县,2019,train,6.05745672436751,益阳市,6.152653061167856,6.126602812858776,0.21042737294160196,8,6.21787687108412,6.18798065853097,0.30859416133768147,35,6.926644802578423,0.848212665604444,-0.06522380991626431
安化县,2020,train,5.879648112603967,益阳市,6.152653061167856,6.126602812858776,0.21042737294160196,8,6.21787687108412,6.18798065853097,0.30859416133768147,35,6.730935357890686,0.7081627342704553,-0.06522380991626431
安化县,2021,train,6.011506884737217,益阳市,6.152653061167856,6.126602812858776,0.21042737294160196,8,6.21787687108412,6.18798065853097,0.30859416133768147,35,7.098739496826202,0.853627234377587,-0.06522380991626431
岳阳县,2012,test,6.158254117017004,岳阳市,6.31585376144874,6.396863161156454,0.19028298111426195,6,6.246953775679741,6.177177653882163,0.35078381562379407,46,6.086036913002932,0.4502613723398215,0.06889998576899892
岳阳县,2013,train,6.08311170212766,岳阳市,6.31585376144874,6.396863161156454,0.19028298111426195,6,6.246953775679741,6.177177653882163,0.35078381562379407,46,6.119090381396531,0.7059045473608287,0.06889998576899892
岳阳县,2014,train,6.072880477054706,岳阳市,6.31585376144874,6.396863161156454,0.19028298111426195,6,6.246953775679741,6.177177653882163,0.35078381562379407,46,6.107212508684318,0.5803804712146549,0.06889998576899892
岳阳县,2015,test,6.112550212164074,岳阳市,6.31585376144874,6.396863161156454,0.19028298111426195,6,6.246953775679741,6.177177653882163,0.35078381562379407,46,6.416045213660415,1.072020979691334,0.06889998576899892
岳阳县,2016,test,5.988519520680325,岳阳市,6.31585376144874,6.396863161156454,0.19028298111426195,6,6.246953775679741,6.177177653882163,0.35078381562379407,46,6.3064721147441825,0.8712105806935805,0.06889998576899892
岳阳县,2017,train,6.4150145087743535,岳阳市,6.31585376144874,6.396863161156454,0.19028298111426195,6,6.246953775679741,6.177177653882163,0.35078381562379407,46,6.327430007526471,0.764401787671466,0.06889998576899892
岳阳县,2018,train,6.423475862068965,岳阳市,6.31585376144874,6.396863161156454,0.19028298111426195,6,6.246953775679741,6.177177653882163,0.35078381562379407,46,7.221538572532166,0.9389707328235969,0.06889998576899892
岳阳县,2019,val,6.382660850599782,岳阳市,6.31585376144874,6.396863161156454,0.19028298111426195,6,6.246953775679741,6.177177653882163,0.35078381562379407,46,6.926644802578423,0.848212665604444,0.06889998576899892
岳阳县,2020,train,6.378711813538555,岳阳市,6.31585376144874,6.396863161156454,0.19028298111426195,6,6.246953775679741,6.177177653882163,0.35078381562379407,46,6.730935357890686,0.7081627342704553,0.06889998576899892
岳阳县,2021,train,6.521928205128205,岳阳市,6.31585376144874,6.396863161156454,0.19028298111426195,6,6.246953775679741,6.177177653882163,0.35078381562379407,46,7.098739496826202,0.853627234377587,0.06889998576899892
岳阳楼区,2012,train,5.928500986193294,岳阳市,5.837908059478267,5.847945984500906,0.08330788583955027,7,6.246953775679741,6.177177653882163,0.35078381562379407,46,6.086036913002932,0.4502613723398215,-0.409045716201474
岳阳楼区,2013,test,5.840233236151604,岳阳市,5.837908059478267,5.847945984500906,0.08330788583955027,7,6.246953775679741,6.177177653882163,0.35078381562379407,46,6.119090381396531,0.7059045473608287,-0.409045716201474
岳阳楼区,2014,train,5.870809248554913,岳阳市,5.837908059478267,5.847945984500906,0.08330788583955027,7,6.246953775679741,6.177177653882163,0.35078381562379407,46,6.107212508684318,0.5803804712146549,-0.409045716201474
岳阳楼区,2015,train,5.927060518731988,岳阳市,5.837908059478267,5.847945984500906,0.08330788583955027,7,6.246953775679741,6.177177653882163,0.35078381562379407,46,6.416045213660415,1.072020979691334,-0.409045716201474
岳阳楼区,2016,train,5.790724637681159,岳阳市,5.837908059478267,5.847945984500906,0.08330788583955027,7,6.246953775679741,6.177177653882163,0.35078381562379407,46,6.3064721147441825,0.8712105806935805,-0.409045716201474
岳阳楼区,2017,train,5.692381461349815,岳阳市,5.837908059478267,5.847945984500906,0.08330788583955027,7,6.246953775679741,6.177177653882163,0.35078381562379407,46,6.327430007526471,0.764401787671466,-0.409045716201474
岳阳楼区,2018,train,5.847945984500906,岳阳市,5.837908059478267,5.847945984500906,0.08330788583955027,7,6.246953775679741,6.177177653882163,0.35078381562379407,46,7.221538572532166,0.9389707328235969,-0.409045716201474
岳阳楼区,2019,train,5.807933579335794,岳阳市,5.837908059478267,5.847945984500906,0.08330788583955027,7,6.246953775679741,6.177177653882163,0.35078381562379407,46,6.926644802578423,0.848212665604444,-0.409045716201474
岳阳楼区,2020,test,5.792305084745763,岳阳市,5.837908059478267,5.847945984500906,0.08330788583955027,7,6.246953775679741,6.177177653882163,0.35078381562379407,46,6.730935357890686,0.7081627342704553,-0.409045716201474
岳阳楼区,2021,test,6.329594872968642,岳阳市,5.837908059478267,5.847945984500906,0.08330788583955027,7,6.246953775679741,6.177177653882163,0.35078381562379407,46,7.098739496826202,0.853627234377587,-0.409045716201474
平江县,2012,test,6.069643676403119,岳阳市,6.3033490484942405,6.350387781581354,0.2802387385108328,3,6.246953775679741,6.177177653882163,0.35078381562379407,46,6.086036913002932,0.4502613723398215,0.05639527281449919
平江县,2013,test,5.938688574471322,岳阳市,6.3033490484942405,6.350387781581354,0.2802387385108328,3,6.246953775679741,6.177177653882163,0.35078381562379407,46,6.119090381396531,0.7059045473608287,0.05639527281449919
平江县,2014,train,6.002567587977647,岳阳市,6.3033490484942405,6.350387781581354,0.2802387385108328,3,6.246953775679741,6.177177653882163,0.35078381562379407,46,6.107212508684318,0.5803804712146549,0.05639527281449919
平江县,2015,test,6.046636281316028,岳阳市,6.3033490484942405,6.350387781581354,0.2802387385108328,3,6.246953775679741,6.177177653882163,0.35078381562379407,46,6.416045213660415,1.072020979691334,0.05639527281449919
平江县,2016,test,5.928419452887538,岳阳市,6.3033490484942405,6.350387781581354,0.2802387385108328,3,6.246953775679741,6.177177653882163,0.35078381562379407,46,6.3064721147441825,0.8712105806935805,0.05639527281449919
平江县,2017,train,6.350387781581354,岳阳市,6.3033490484942405,6.350387781581354,0.2802387385108328,3,6.246953775679741,6.177177653882163,0.35078381562379407,46,6.327430007526471,0.764401787671466,0.05639527281449919
平江县,2018,test,6.517954353338968,岳阳市,6.3033490484942405,6.350387781581354,0.2802387385108328,3,6.246953775679741,6.177177653882163,0.35078381562379407,46,7.221538572532166,0.9389707328235969,0.05639527281449919
平江县,2019,train,6.557091775923719,岳阳市,6.3033490484942405,6.350387781581354,0.2802387385108328,3,6.246953775679741,6.177177653882163,0.35078381562379407,46,6.926644802578423,0.848212665604444,0.05639527281449919
平江县,2020,test,6.76904370703556,岳阳市,6.3033490484942405,6.350387781581354,0.2802387385108328,3,6.246953775679741,6.177177653882163,0.35078381562379407,46,6.730935357890686,0.7081627342704553,0.05639527281449919
平江县,2021,test,6.477452076277549,岳阳市,6.3033490484942405,6.350387781581354,0.2802387385108328,3,6.246953775679741,6.177177653882163,0.35078381562379407,46,7.098739496826202,0.853627234377587,0.05639527281449919
望城区,2012,train,6.987230989956959,长沙市,6.934657028282003,6.976735459662289,0.10135253357245935,7,6.934657028282003,6.976735459662289,0.10135253357245935,7,6.086036913002932,0.4502613723398215,0.0
望城区,2013,train,6.979233421212736,长沙市,6.934657028282003,6.976735459662289,0.10135253357245935,7,6.934657028282003,6.976735459662289,0.10135253357245935,7,6.119090381396531,0.7059045473608287,0.0
望城区,2014,train,6.958620689655173,长沙市,6.934657028282003,6.976735459662289,0.10135253357245935,7,6.934657028282003,6.976735459662289,0.10135253357245935,7,6.107212508684318,0.5803804712146549,0.0
望城区,2015,train,7.003249455121854,长沙市,6.934657028282003,6.976735459662289,0.10135253357245935,7,6.934657028282003,6.976735459662289,0.10135253357245935,7,6.416045213660415,1.072020979691334,0.0
望城区,2016,test,6.921366336633663,长沙市,6.934657028282003,6.976735459662289,0.10135253357245935,7,6.934657028282003,6.976735459662289,0.10135253357245935,7,6.3064721147441825,0.8712105806935805,0.0
望城区,2017,train,6.711594040915447,长沙市,6.934657028282003,6.976735459662289,0.10135253357245935,7,6.934657028282003,6.976735459662289,0.10135253357245935,7,6.327430007526471,0.764401787671466,0.0
望城区,2018,test,6.979991974473316,长沙市,6.934657028282003,6.976735459662289,0.10135253357245935,7,6.934657028282003,6.976735459662289,0.10135253357245935,7,7.221538572532166,0.9389707328235969,0.0
望城区,2019,val,7.100835855944127,长沙市,6.934657028282003,6.976735459662289,0.10135253357245935,7,6.934657028282003,6.976735459662289,0.10135253357245935,7,6.926644802578423,0.848212665604444,0.0
望城区,2020,train,6.925935141449563,长沙市,6.934657028282003,6.976735459662289,0.10135253357245935,7,6.934657028282003,6.976735459662289,0.10135253357245935,7,6.730935357890686,0.7081627342704553,0.0
望城区,2021,train,6.976735459662289,长沙市,6.934657028282003,6.976735459662289,0.10135253357245935,7,6.934657028282003,6.976735459662289,0.10135253357245935,7,7.098739496826202,0.853627234377587,0.0
松滋市,2012,val,5.652787258248009,荆州市,6.591384557974661,5.976230228471001,1.2190417575753008,3,7.348053848752089,7.893754229446616,1.2065128355413912,46,6.086036913002932,0.4502613723398215,-0.7566692907774284
松滋市,2013,train,5.802489347387306,荆州市,6.591384557974661,5.976230228471001,1.2190417575753008,3,7.348053848752089,7.893754229446616,1.2065128355413912,46,6.119090381396531,0.7059045473608287,-0.7566692907774284
松滋市,2014,test,5.747568756875688,荆州市,6.591384557974661,5.976230228471001,1.2190417575753008,3,7.348053848752089,7.893754229446616,1.2065128355413912,46,6.107212508684318,0.5803804712146549,-0.7566692907774284
松滋市,2015,train,5.976230228471001,荆州市,6.591384557974661,5.976230228471001,1.2190417575753008,3,7.348053848752089,7.893754229446616,1.2065128355413912,46,6.416045213660415,1.072020979691334,-0.7566692907774284
松滋市,2016,val,5.39295837023915,荆州市,6.591384557974661,5.976230228471001,1.2190417575753008,3,7.348053848752089,7.893754229446616,1.2065128355413912,46,6.3064721147441825,0.8712105806935805,-0.7566692907774284
松滋市,2017,val,5.653973214285715,荆州市,6.591384557974661,5.976230228471001,1.2190417575753008,3,7.348053848752089,7.893754229446616,1.2065128355413912,46,6.327430007526471,0.764401787671466,-0.7566692907774284
松滋市,2018,train,7.995434098065677,荆州市,6.591384557974661,5.976230228471001,1.2190417575753008,3,7.348053848752089,7.893754229446616,1.2065128355413912,46,7.221538572532166,0.9389707328235969,-0.7566692907774284
松滋市,2019,test,8.008511661457081,荆州市,6.591384557974661,5.976230228471001,1.2190417575753008,3,7.348053848752089,7.893754229446616,1.2065128355413912,46,6.926644802578423,0.848212665604444,-0.7566692907774284
松滋市,2020,val,7.935611933286352,荆州市,6.591384557974661,5.976230228471001,1.2190417575753008,3,7.348053848752089,7.893754229446616,1.2065128355413912,46,6.730935357890686,0.7081627342704553,-0.7566692907774284
松滋市,2021,test,8.196444549093478,荆州市,6.591384557974661,5.976230228471001,1.2190417575753008,3,7.348053848752089,7.893754229446616,1.2065128355413912,46,7.098739496826202,0.853627234377587,-0.7566692907774284
桃江县,2012,test,5.840921312063093,益阳市,6.09126940740043,6.072781823248224,0.3483222009042177,4,6.21787687108412,6.18798065853097,0.30859416133768147,35,6.086036913002932,0.4502613723398215,-0.12660746368368958
桃江县,2013,train,5.747056718554303,益阳市,6.09126940740043,6.072781823248224,0.3483222009042177,4,6.21787687108412,6.18798065853097,0.30859416133768147,35,6.119090381396531,0.7059045473608287,-0.12660746368368958
桃江县,2014,train,5.849718011984491,益阳市,6.09126940740043,6.072781823248224,0.3483222009042177,4,6.21787687108412,6.18798065853097,0.30859416133768147,35,6.107212508684318,0.5803804712146549,-0.12660746368368958
桃江县,2015,test,5.899295278365046,益阳市,6.09126940740043,6.072781823248224,0.3483222009042177,4,6.21787687108412,6.18798065853097,0.30859416133768147,35,6.416045213660415,1.072020979691334,-0.12660746368368958
桃江县,2016,test,5.66960242467463,益阳市,6.09126940740043,6.072781823248224,0.3483222009042177,4,6.21787687108412,6.18798065853097,0.30859416133768147,35,6.3064721147441825,0.8712105806935805,-0.12660746368368958
桃江县,2017,test,6.029261756187816,益阳市,6.09126940740043,6.072781823248224,0.3483222009042177,4,6.21787687108412,6.18798065853097,0.30859416133768147,35,6.327430007526471,0.764401787671466,-0.12660746368368958
桃江县,2018,val,6.357445687303248,益阳市,6.09126940740043,6.072781823248224,0.3483222009042177,4,6.21787687108412,6.18798065853097,0.30859416133768147,35,7.221538572532166,0.9389707328235969,-0.12660746368368958
桃江县,2019,test,6.085105184072126,益阳市,6.09126940740043,6.072781823248224,0.3483222009042177,4,6.21787687108412,6.18798065853097,0.30859416133768147,35,6.926644802578423,0.848212665604444,-0.12660746368368958
桃江县,2020,train,6.2958456345119576,益阳市,6.09126940740043,6.072781823248224,0.3483222009042177,4,6.21787687108412,6.18798065853097,0.30859416133768147,35,6.730935357890686,0.7081627342704553,-0.12660746368368958
桃江县,2021,train,6.472457264550969,益阳市,6.09126940740043,6.072781823248224,0.3483222009042177,4,6.21787687108412,6.18798065853097,0.30859416133768147,35,7.098739496826202,0.853627234377587,-0.12660746368368958
桃源县,2012,val,5.730019227687871,常德市,6.017441040425875,6.086581471884064,0.40384676715187834,6,6.109209013456845,6.10461732309118,0.5873004982652431,46,6.086036913002932,0.4502613723398215,-0.0917679730309704
桃源县,2013,train,5.555993640699523,常德市,6.017441040425875,6.086581471884064,0.40384676715187834,6,6.109209013456845,6.10461732309118,0.5873004982652431,46,6.119090381396531,0.7059045473608287,-0.0917679730309704
桃源县,2014,test,5.667163942231392,常德市,6.017441040425875,6.086581471884064,0.40384676715187834,6,6.109209013456845,6.10461732309118,0.5873004982652431,46,6.107212508684318,0.5803804712146549,-0.0917679730309704
桃源县,2015,train,5.576302063648046,常德市,6.017441040425875,6.086581471884064,0.40384676715187834,6,6.109209013456845,6.10461732309118,0.5873004982652431,46,6.416045213660415,1.072020979691334,-0.0917679730309704
桃源县,2016,train,5.870264734885838,常德市,6.017441040425875,6.086581471884064,0.40384676715187834,6,6.109209013456845,6.10461732309118,0.5873004982652431,46,6.3064721147441825,0.8712105806935805,-0.0917679730309704
桃源县,2017,train,6.31992059544405,常德市,6.017441040425875,6.086581471884064,0.40384676715187834,6,6.109209013456845,6.10461732309118,0.5873004982652431,46,6.327430007526471,0.764401787671466,-0.0917679730309704
桃源县,2018,val,6.576156038194145,常德市,6.017441040425875,6.086581471884064,0.40384676715187834,6,6.109209013456845,6.10461732309118,0.5873004982652431,46,7.221538572532166,0.9389707328235969,-0.0917679730309704
桃源县,2019,val,6.700130811237308,常德市,6.017441040425875,6.086581471884064,0.40384676715187834,6,6.109209013456845,6.10461732309118,0.5873004982652431,46,6.926644802578423,0.848212665604444,-0.0917679730309704
桃源县,2020,train,6.30289820888229,常德市,6.017441040425875,6.086581471884064,0.40384676715187834,6,6.109209013456845,6.10461732309118,0.5873004982652431,46,6.730935357890686,0.7081627342704553,-0.0917679730309704
桃源县,2021,train,6.479266998995503,常德市,6.017441040425875,6.086581471884064,0.40384676715187834,6,6.109209013456845,6.10461732309118,0.5873004982652431,46,7.098739496826202,0.853627234377587,-0.0917679730309704
武陵区,2012,train,5.397575360419397,常德市,5.49480284588968,5.345624710490016,0.5143862878070211,4,6.109209013456845,6.10461732309118,0.5873004982652431,46,6.086036913002932,0.4502613723398215,-0.6144061675671653
武陵区,2013,train,5.05264116575592,常德市,5.49480284588968,5.345624710490016,0.5143862878070211,4,6.109209013456845,6.10461732309118,0.5873004982652431,46,6.119090381396531,0.7059045473608287,-0.6144061675671653
武陵区,2014,val,5.12764598540146,常德市,5.49480284588968,5.345624710490016,0.5143862878070211,4,6.109209013456845,6.10461732309118,0.5873004982652431,46,6.107212508684318,0.5803804712146549,-0.6144061675671653
武陵区,2015,test,5.230696352439602,常德市,5.49480284588968,5.345624710490016,0.5143862878070211,4,6.109209013456845,6.10461732309118,0.5873004982652431,46,6.416045213660415,1.072020979691334,-0.6144061675671653
武陵区,2016,test,5.339761336515513,常德市,5.49480284588968,5.345624710490016,0.5143862878070211,4,6.109209013456845,6.10461732309118,0.5873004982652431,46,6.3064721147441825,0.8712105806935805,-0.6144061675671653
武陵区,2017,train,5.293674060560635,常德市,5.49480284588968,5.345624710490016,0.5143862878070211,4,6.109209013456845,6.10461732309118,0.5873004982652431,46,6.327430007526471,0.764401787671466,-0.6144061675671653
武陵区,2018,val,5.47825361512792,常德市,5.49480284588968,5.345624710490016,0.5143862878070211,4,6.109209013456845,6.10461732309118,0.5873004982652431,46,7.221538572532166,0.9389707328235969,-0.6144061675671653
武陵区,2019,train,6.235320796822769,常德市,5.49480284588968,5.345624710490016,0.5143862878070211,4,6.109209013456845,6.10461732309118,0.5873004982652431,46,6.926644802578423,0.848212665604444,-0.6144061675671653
武陵区,2020,test,6.801261163508889,常德市,5.49480284588968,5.345624710490016,0.5143862878070211,4,6.109209013456845,6.10461732309118,0.5873004982652431,46,6.730935357890686,0.7081627342704553,-0.6144061675671653
武陵区,2021,val,7.251593214253658,常德市,5.49480284588968,5.345624710490016,0.5143862878070211,4,6.109209013456845,6.10461732309118,0.5873004982652431,46,7.098739496826202,0.853627234377587,-0.6144061675671653
汉寿县,2012,train,5.91737098158924,常德市,6.062748456775819,5.91737098158924,0.3155810846268444,5,6.109209013456845,6.10461732309118,0.5873004982652431,46,6.086036913002932,0.4502613723398215,-0.04646055668102633
汉寿县,2013,train,5.772462131903284,常德市,6.062748456775819,5.91737098158924,0.3155810846268444,5,6.109209013456845,6.10461732309118,0.5873004982652431,46,6.119090381396531,0.7059045473608287,-0.04646055668102633
汉寿县,2014,test,5.859783112429327,常德市,6.062748456775819,5.91737098158924,0.3155810846268444,5,6.109209013456845,6.10461732309118,0.5873004982652431,46,6.107212508684318,0.5803804712146549,-0.04646055668102633
汉寿县,2015,test,5.935680321872714,常德市,6.062748456775819,5.91737098158924,0.3155810846268444,5,6.109209013456845,6.10461732309118,0.5873004982652431,46,6.416045213660415,1.072020979691334,-0.04646055668102633
汉寿县,2016,train,5.838178347422962,常德市,6.062748456775819,5.91737098158924,0.3155810846268444,5,6.109209013456845,6.10461732309118,0.5873004982652431,46,6.3064721147441825,0.8712105806935805,-0.04646055668102633
汉寿县,2017,test,6.101616192807905,常德市,6.062748456775819,5.91737098158924,0.3155810846268444,5,6.109209013456845,6.10461732309118,0.5873004982652431,46,6.327430007526471,0.764401787671466,-0.04646055668102633
汉寿县,2018,test,6.325544876240611,常德市,6.062748456775819,5.91737098158924,0.3155810846268444,5,6.109209013456845,6.10461732309118,0.5873004982652431,46,7.221538572532166,0.9389707328235969,-0.04646055668102633
汉寿县,2019,test,6.417055744753853,常德市,6.062748456775819,5.91737098158924,0.3155810846268444,5,6.109209013456845,6.10461732309118,0.5873004982652431,46,6.926644802578423,0.848212665604444,-0.04646055668102633
汉寿县,2020,train,6.282007886671954,常德市,6.062748456775819,5.91737098158924,0.3155810846268444,5,6.109209013456845,6.10461732309118,0.5873004982652431,46,6.730935357890686,0.7081627342704553,-0.04646055668102633
汉寿县,2021,train,6.503722936291655,常德市,6.062748456775819,5.91737098158924,0.3155810846268444,5,6.109209013456845,6.10461732309118,0.5873004982652431,46,7.098739496826202,0.853627234377587,-0.04646055668102633
江陵县,2012,test,6.919528269164066,荆州市,7.507244079878574,7.595925824828324,0.6734161926189557,6,7.348053848752089,7.893754229446616,1.2065128355413912,46,6.086036913002932,0.4502613723398215,0.15919023112648478
江陵县,2013,train,6.977497510786592,荆州市,7.507244079878574,7.595925824828324,0.6734161926189557,6,7.348053848752089,7.893754229446616,1.2065128355413912,46,6.119090381396531,0.7059045473608287,0.15919023112648478
江陵县,2014,test,7.065685640362225,荆州市,7.507244079878574,7.595925824828324,0.6734161926189557,6,7.348053848752089,7.893754229446616,1.2065128355413912,46,6.107212508684318,0.5803804712146549,0.15919023112648478
江陵县,2015,train,7.154791987673344,荆州市,7.507244079878574,7.595925824828324,0.6734161926189557,6,7.348053848752089,7.893754229446616,1.2065128355413912,46,6.416045213660415,1.072020979691334,0.15919023112648478
江陵县,2016,test,6.434574468085105,荆州市,7.507244079878574,7.595925824828324,0.6734161926189557,6,7.348053848752089,7.893754229446616,1.2065128355413912,46,6.3064721147441825,0.8712105806935805,0.15919023112648478
江陵县,2017,train,6.613267740011927,荆州市,7.507244079878574,7.595925824828324,0.6734161926189557,6,7.348053848752089,7.893754229446616,1.2065128355413912,46,6.327430007526471,0.764401787671466,0.15919023112648478
江陵县,2018,train,8.037059661983303,荆州市,7.507244079878574,7.595925824828324,0.6734161926189557,6,7.348053848752089,7.893754229446616,1.2065128355413912,46,7.221538572532166,0.9389707328235969,0.15919023112648478
江陵县,2019,train,8.075702725724021,荆州市,7.507244079878574,7.595925824828324,0.6734161926189557,6,7.348053848752089,7.893754229446616,1.2065128355413912,46,6.926644802578423,0.848212665604444,0.15919023112648478
江陵县,2020,val,7.988969521044994,荆州市,7.507244079878574,7.595925824828324,0.6734161926189557,6,7.348053848752089,7.893754229446616,1.2065128355413912,46,6.730935357890686,0.7081627342704553,0.15919023112648478
江陵县,2021,train,8.185144853092254,荆州市,7.507244079878574,7.595925824828324,0.6734161926189557,6,7.348053848752089,7.893754229446616,1.2065128355413912,46,7.098739496826202,0.853627234377587,0.15919023112648478
汨罗市,2012,train,6.052297681984546,岳阳市,6.222470195709253,6.052297681984546,0.25313101683610617,9,6.246953775679741,6.177177653882163,0.35078381562379407,46,6.086036913002932,0.4502613723398215,-0.024483579970488556
汨罗市,2013,train,6.001386271870794,岳阳市,6.222470195709253,6.052297681984546,0.25313101683610617,9,6.246953775679741,6.177177653882163,0.35078381562379407,46,6.119090381396531,0.7059045473608287,-0.024483579970488556
汨罗市,2014,train,6.034457575355199,岳阳市,6.222470195709253,6.052297681984546,0.25313101683610617,9,6.246953775679741,6.177177653882163,0.35078381562379407,46,6.107212508684318,0.5803804712146549,-0.024483579970488556
汨罗市,2015,train,6.048189802071045,岳阳市,6.222470195709253,6.052297681984546,0.25313101683610617,9,6.246953775679741,6.177177653882163,0.35078381562379407,46,6.416045213660415,1.072020979691334,-0.024483579970488556
汨罗市,2016,train,5.931618421052631,岳阳市,6.222470195709253,6.052297681984546,0.25313101683610617,9,6.246953775679741,6.177177653882163,0.35078381562379407,46,6.3064721147441825,0.8712105806935805,-0.024483579970488556
汨罗市,2017,train,6.395436688052692,岳阳市,6.222470195709253,6.052297681984546,0.25313101683610617,9,6.246953775679741,6.177177653882163,0.35078381562379407,46,6.327430007526471,0.764401787671466,-0.024483579970488556
汨罗市,2018,test,6.485113490364026,岳阳市,6.222470195709253,6.052297681984546,0.25313101683610617,9,6.246953775679741,6.177177653882163,0.35078381562379407,46,7.221538572532166,0.9389707328235969,-0.024483579970488556
汨罗市,2019,train,6.504973784894431,岳阳市,6.222470195709253,6.052297681984546,0.25313101683610617,9,6.246953775679741,6.177177653882163,0.35078381562379407,46,6.926644802578423,0.848212665604444,-0.024483579970488556
汨罗市,2020,train,6.491412054924805,岳阳市,6.222470195709253,6.052297681984546,0.25313101683610617,9,6.246953775679741,6.177177653882163,0.35078381562379407,46,6.730935357890686,0.7081627342704553,-0.024483579970488556
汨罗市,2021,train,6.54245948117713,岳阳市,6.222470195709253,6.052297681984546,0.25313101683610617,9,6.246953775679741,6.177177653882163,0.35078381562379407,46,7.098739496826202,0.853627234377587,-0.024483579970488556
沅江市,2012,train,6.006598377012106,益阳市,6.125867532845554,6.064409364423984,0.22286354098784794,8,6.21787687108412,6.18798065853097,0.30859416133768147,35,6.086036913002932,0.4502613723398215,-0.09200933823856605
沅江市,2013,train,5.843538561244329,益阳市,6.125867532845554,6.064409364423984,0.22286354098784794,8,6.21787687108412,6.18798065853097,0.30859416133768147,35,6.119090381396531,0.7059045473608287,-0.09200933823856605
沅江市,2014,train,5.920145259938838,益阳市,6.125867532845554,6.064409364423984,0.22286354098784794,8,6.21787687108412,6.18798065853097,0.30859416133768147,35,6.107212508684318,0.5803804712146549,-0.09200933823856605
沅江市,2015,test,6.1041248606466,益阳市,6.125867532845554,6.064409364423984,0.22286354098784794,8,6.21787687108412,6.18798065853097,0.30859416133768147,35,6.416045213660415,1.072020979691334,-0.09200933823856605
沅江市,2016,train,5.985545577561815,益阳市,6.125867532845554,6.064409364423984,0.22286354098784794,8,6.21787687108412,6.18798065853097,0.30859416133768147,35,6.3064721147441825,0.8712105806935805,-0.09200933823856605
沅江市,2017,train,6.12222035183586,益阳市,6.125867532845554,6.064409364423984,0.22286354098784794,8,6.21787687108412,6.18798065853097,0.30859416133768147,35,6.327430007526471,0.764401787671466,-0.09200933823856605
沅江市,2018,train,6.349991889412882,益阳市,6.125867532845554,6.064409364423984,0.22286354098784794,8,6.21787687108412,6.18798065853097,0.30859416133768147,35,7.221538572532166,0.9389707328235969,-0.09200933823856605
沅江市,2019,train,6.425043859649123,益阳市,6.125867532845554,6.064409364423984,0.22286354098784794,8,6.21787687108412,6.18798065853097,0.30859416133768147,35,6.926644802578423,0.848212665604444,-0.09200933823856605
沅江市,2020,train,6.353856386109476,益阳市,6.125867532845554,6.064409364423984,0.22286354098784794,8,6.21787687108412,6.18798065853097,0.30859416133768147,35,6.730935357890686,0.7081627342704553,-0.09200933823856605
沅江市,2021,test,6.480662575963184,益阳市,6.125867532845554,6.064409364423984,0.22286354098784794,8,6.21787687108412,6.18798065853097,0.30859416133768147,35,7.098739496826202,0.853627234377587,-0.09200933823856605
沙市区,2012,test,5.371333333333333,荆州市,6.38364845695525,5.82554347826087,1.0802065643933687,7,7.348053848752089,7.893754229446616,1.2065128355413912,46,6.086036913002932,0.4502613723398215,-0.9644053917968396
沙市区,2013,train,5.708285385500576,荆州市,6.38364845695525,5.82554347826087,1.0802065643933687,7,7.348053848752089,7.893754229446616,1.2065128355413912,46,6.119090381396531,0.7059045473608287,-0.9644053917968396
沙市区,2014,train,5.82554347826087,荆州市,6.38364845695525,5.82554347826087,1.0802065643933687,7,7.348053848752089,7.893754229446616,1.2065128355413912,46,6.107212508684318,0.5803804712146549,-0.9644053917968396
沙市区,2015,train,6.097365532381999,荆州市,6.38364845695525,5.82554347826087,1.0802065643933687,7,7.348053848752089,7.893754229446616,1.2065128355413912,46,6.416045213660415,1.072020979691334,-0.9644053917968396
沙市区,2016,train,5.549263873159682,荆州市,6.38364845695525,5.82554347826087,1.0802065643933687,7,7.348053848752089,7.893754229446616,1.2065128355413912,46,6.3064721147441825,0.8712105806935805,-0.9644053917968396
沙市区,2017,train,5.617612977983778,荆州市,6.38364845695525,5.82554347826087,1.0802065643933687,7,7.348053848752089,7.893754229446616,1.2065128355413912,46,6.327430007526471,0.764401787671466,-0.9644053917968396
沙市区,2018,train,7.923968705547653,荆州市,6.38364845695525,5.82554347826087,1.0802065643933687,7,7.348053848752089,7.893754229446616,1.2065128355413912,46,7.221538572532166,0.9389707328235969,-0.9644053917968396
沙市区,2019,train,7.963499245852187,荆州市,6.38364845695525,5.82554347826087,1.0802065643933687,7,7.348053848752089,7.893754229446616,1.2065128355413912,46,6.926644802578423,0.848212665604444,-0.9644053917968396
沙市区,2020,val,7.866913397483346,荆州市,6.38364845695525,5.82554347826087,1.0802065643933687,7,7.348053848752089,7.893754229446616,1.2065128355413912,46,6.730935357890686,0.7081627342704553,-0.9644053917968396
沙市区,2021,test,8.05,荆州市,6.38364845695525,5.82554347826087,1.0802065643933687,7,7.348053848752089,7.893754229446616,1.2065128355413912,46,7.098739496826202,0.853627234377587,-0.9644053917968396
津市市,2012,train,6.029662522202487,常德市,5.939001726515048,5.896043956043956,0.07855039316680094,3,6.109209013456845,6.10461732309118,0.5873004982652431,46,6.086036913002932,0.4502613723398215,-0.170207286941797
津市市,2013,train,5.896043956043956,常德市,5.939001726515048,5.896043956043956,0.07855039316680094,3,6.109209013456845,6.10461732309118,0.5873004982652431,46,6.119090381396531,0.7059045473608287,-0.170207286941797
津市市,2014,test,5.901004366812227,常德市,5.939001726515048,5.896043956043956,0.07855039316680094,3,6.109209013456845,6.10461732309118,0.5873004982652431,46,6.107212508684318,0.5803804712146549,-0.170207286941797
津市市,2015,test,5.943104943625325,常德市,5.939001726515048,5.896043956043956,0.07855039316680094,3,6.109209013456845,6.10461732309118,0.5873004982652431,46,6.416045213660415,1.072020979691334,-0.170207286941797
津市市,2016,train,5.891298701298702,常德市,5.939001726515048,5.896043956043956,0.07855039316680094,3,6.109209013456845,6.10461732309118,0.5873004982652431,46,6.3064721147441825,0.8712105806935805,-0.170207286941797
津市市,2017,val,5.855950940476855,常德市,5.939001726515048,5.896043956043956,0.07855039316680094,3,6.109209013456845,6.10461732309118,0.5873004982652431,46,6.327430007526471,0.764401787671466,-0.170207286941797
津市市,2018,val,5.894658728967599,常德市,5.939001726515048,5.896043956043956,0.07855039316680094,3,6.109209013456845,6.10461732309118,0.5873004982652431,46,7.221538572532166,0.9389707328235969,-0.170207286941797
津市市,2019,test,5.834367111118823,常德市,5.939001726515048,5.896043956043956,0.07855039316680094,3,6.109209013456845,6.10461732309118,0.5873004982652431,46,6.926644802578423,0.848212665604444,-0.170207286941797
津市市,2020,val,6.165264862804879,常德市,5.939001726515048,5.896043956043956,0.07855039316680094,3,6.109209013456845,6.10461732309118,0.5873004982652431,46,6.730935357890686,0.7081627342704553,-0.170207286941797
津市市,2021,val,6.428234614829428,常德市,5.939001726515048,5.896043956043956,0.07855039316680094,3,6.109209013456845,6.10461732309118,0.5873004982652431,46,7.098739496826202,0.853627234377587,-0.170207286941797
洪湖市,2012,val,9.382474576271186,荆州市,8.705364771958243,8.604827160964659,0.40311777236568397,6,7.348053848752089,7.893754229446616,1.2065128355413912,46,6.086036913002932,0.4502613723398215,1.3573109232061533
洪湖市,2013,test,9.335659421474098,荆州市,8.705364771958243,8.604827160964659,0.40311777236568397,6,7.348053848752089,7.893754229446616,1.2065128355413912,46,6.119090381396531,0.7059045473608287,1.3573109232061533
洪湖市,2014,test,9.30272799365583,荆州市,8.705364771958243,8.604827160964659,0.40311777236568397,6,7.348053848752089,7.893754229446616,1.2065128355413912,46,6.107212508684318,0.5803804712146549,1.3573109232061533
洪湖市,2015,train,9.472107243650049,荆州市,8.705364771958243,8.604827160964659,0.40311777236568397,6,7.348053848752089,7.893754229446616,1.2065128355413912,46,6.416045213660415,1.072020979691334,1.3573109232061533
洪湖市,2016,train,8.612737393582186,荆州市,8.705364771958243,8.604827160964659,0.40311777236568397,6,7.348053848752089,7.893754229446616,1.2065128355413912,46,6.3064721147441825,0.8712105806935805,1.3573109232061533
洪湖市,2017,train,8.750657894736841,荆州市,8.705364771958243,8.604827160964659,0.40311777236568397,6,7.348053848752089,7.893754229446616,1.2065128355413912,46,6.327430007526471,0.764401787671466,1.3573109232061533
洪湖市,2018,train,8.596916928347131,荆州市,8.705364771958243,8.604827160964659,0.40311777236568397,6,7.348053848752089,7.893754229446616,1.2065128355413912,46,7.221538572532166,0.9389707328235969,1.3573109232061533
洪湖市,2019,test,8.60330117576123,荆州市,8.705364771958243,8.604827160964659,0.40311777236568397,6,7.348053848752089,7.893754229446616,1.2065128355413912,46,6.926644802578423,0.848212665604444,1.3573109232061533
洪湖市,2020,train,8.311575037147103,荆州市,8.705364771958243,8.604827160964659,0.40311777236568397,6,7.348053848752089,7.893754229446616,1.2065128355413912,46,6.730935357890686,0.7081627342704553,1.3573109232061533
洪湖市,2021,train,8.48819413428614,荆州市,8.705364771958243,8.604827160964659,0.40311777236568397,6,7.348053848752089,7.893754229446616,1.2065128355413912,46,7.098739496826202,0.853627234377587,1.3573109232061533
湘阴县,2012,train,6.244955731593663,岳阳市,6.278595216307561,6.244955731593663,0.11897201049374596,5,6.246953775679741,6.177177653882163,0.35078381562379407,46,6.086036913002932,0.4502613723398215,0.03164144062782004
湘阴县,2013,train,6.219549308862818,岳阳市,6.278595216307561,6.244955731593663,0.11897201049374596,5,6.246953775679741,6.177177653882163,0.35078381562379407,46,6.119090381396531,0.7059045473608287,0.03164144062782004
湘阴县,2014,val,6.262565925246503,岳阳市,6.278595216307561,6.244955731593663,0.11897201049374596,5,6.246953775679741,6.177177653882163,0.35078381562379407,46,6.107212508684318,0.5803804712146549,0.03164144062782004
湘阴县,2015,val,6.289668978060703,岳阳市,6.278595216307561,6.244955731593663,0.11897201049374596,5,6.246953775679741,6.177177653882163,0.35078381562379407,46,6.416045213660415,1.072020979691334,0.03164144062782004
湘阴县,2016,train,6.159241544243253,岳阳市,6.278595216307561,6.244955731593663,0.11897201049374596,5,6.246953775679741,6.177177653882163,0.35078381562379407,46,6.3064721147441825,0.8712105806935805,0.03164144062782004
湘阴县,2017,train,6.472003939948651,岳阳市,6.278595216307561,6.244955731593663,0.11897201049374596,5,6.246953775679741,6.177177653882163,0.35078381562379407,46,6.327430007526471,0.764401787671466,0.03164144062782004
湘阴县,2018,train,6.297225556889423,岳阳市,6.278595216307561,6.244955731593663,0.11897201049374596,5,6.246953775679741,6.177177653882163,0.35078381562379407,46,7.221538572532166,0.9389707328235969,0.03164144062782004
湘阴县,2019,val,6.174613834788449,岳阳市,6.278595216307561,6.244955731593663,0.11897201049374596,5,6.246953775679741,6.177177653882163,0.35078381562379407,46,6.926644802578423,0.848212665604444,0.03164144062782004
湘阴县,2020,val,5.850039290834896,岳阳市,6.278595216307561,6.244955731593663,0.11897201049374596,5,6.246953775679741,6.177177653882163,0.35078381562379407,46,6.730935357890686,0.7081627342704553,0.03164144062782004
湘阴县,2021,val,6.643650568817188,岳阳市,6.278595216307561,6.244955731593663,0.11897201049374596,5,6.246953775679741,6.177177653882163,0.35078381562379407,46,7.098739496826202,0.853627234377587,0.03164144062782004
澧县,2012,test,6.370632804826715,常德市,6.555210903619349,6.686576782195304,0.29885621962048836,5,6.109209013456845,6.10461732309118,0.5873004982652431,46,6.086036913002932,0.4502613723398215,0.4460018901625036
澧县,2013,train,6.22682119205298,常德市,6.555210903619349,6.686576782195304,0.29885621962048836,5,6.109209013456845,6.10461732309118,0.5873004982652431,46,6.119090381396531,0.7059045473608287,0.4460018901625036
澧县,2014,train,6.243071110511402,常德市,6.555210903619349,6.686576782195304,0.29885621962048836,5,6.109209013456845,6.10461732309118,0.5873004982652431,46,6.107212508684318,0.5803804712146549,0.4460018901625036
澧县,2015,test,6.2330915325771565,常德市,6.555210903619349,6.686576782195304,0.29885621962048836,5,6.109209013456845,6.10461732309118,0.5873004982652431,46,6.416045213660415,1.072020979691334,0.4460018901625036
澧县,2016,train,6.860331384015595,常德市,6.555210903619349,6.686576782195304,0.29885621962048836,5,6.109209013456845,6.10461732309118,0.5873004982652431,46,6.3064721147441825,0.8712105806935805,0.4460018901625036
澧县,2017,train,6.686576782195304,常德市,6.555210903619349,6.686576782195304,0.29885621962048836,5,6.109209013456845,6.10461732309118,0.5873004982652431,46,6.327430007526471,0.764401787671466,0.4460018901625036
澧县,2018,test,6.897876372962836,常德市,6.555210903619349,6.686576782195304,0.29885621962048836,5,6.109209013456845,6.10461732309118,0.5873004982652431,46,7.221538572532166,0.9389707328235969,0.4460018901625036
澧县,2019,val,7.003782873273514,常德市,6.555210903619349,6.686576782195304,0.29885621962048836,5,6.109209013456845,6.10461732309118,0.5873004982652431,46,6.926644802578423,0.848212665604444,0.4460018901625036
澧县,2020,train,6.759254049321465,常德市,6.555210903619349,6.686576782195304,0.29885621962048836,5,6.109209013456845,6.10461732309118,0.5873004982652431,46,6.730935357890686,0.7081627342704553,0.4460018901625036
澧县,2021,val,6.923383551204643,常德市,6.555210903619349,6.686576782195304,0.29885621962048836,5,6.109209013456845,6.10461732309118,0.5873004982652431,46,7.098739496826202,0.853627234377587,0.4460018901625036
监利市,2012,test,8.431307636170636,荆州市,8.317501924870207,8.361486514471148,0.25354027217358904,6,7.348053848752089,7.893754229446616,1.2065128355413912,46,6.086036913002932,0.4502613723398215,0.9694480761181179
监利市,2013,train,8.468126897977644,荆州市,8.317501924870207,8.361486514471148,0.25354027217358904,6,7.348053848752089,7.893754229446616,1.2065128355413912,46,6.119090381396531,0.7059045473608287,0.9694480761181179
监利市,2014,test,8.510164835164835,荆州市,8.317501924870207,8.361486514471148,0.25354027217358904,6,7.348053848752089,7.893754229446616,1.2065128355413912,46,6.107212508684318,0.5803804712146549,0.9694480761181179
监利市,2015,train,8.598064970846416,荆州市,8.317501924870207,8.361486514471148,0.25354027217358904,6,7.348053848752089,7.893754229446616,1.2065128355413912,46,6.416045213660415,1.072020979691334,0.9694480761181179
监利市,2016,train,7.863539753345579,荆州市,8.317501924870207,8.361486514471148,0.25354027217358904,6,7.348053848752089,7.893754229446616,1.2065128355413912,46,6.3064721147441825,0.8712105806935805,0.9694480761181179
监利市,2017,val,8.059118665407617,荆州市,8.317501924870207,8.361486514471148,0.25354027217358904,6,7.348053848752089,7.893754229446616,1.2065128355413912,46,6.327430007526471,0.764401787671466,0.9694480761181179
监利市,2018,train,8.25230689810931,荆州市,8.317501924870207,8.361486514471148,0.25354027217358904,6,7.348053848752089,7.893754229446616,1.2065128355413912,46,7.221538572532166,0.9389707328235969,0.9694480761181179
监利市,2019,train,8.307595374922109,荆州市,8.317501924870207,8.361486514471148,0.25354027217358904,6,7.348053848752089,7.893754229446616,1.2065128355413912,46,6.926644802578423,0.848212665604444,0.9694480761181179
监利市,2020,val,8.218907736863882,荆州市,8.317501924870207,8.361486514471148,0.25354027217358904,6,7.348053848752089,7.893754229446616,1.2065128355413912,46,6.730935357890686,0.7081627342704553,0.9694480761181179
监利市,2021,train,8.415377654020187,荆州市,8.317501924870207,8.361486514471148,0.25354027217358904,6,7.348053848752089,7.893754229446616,1.2065128355413912,46,7.098739496826202,0.853627234377587,0.9694480761181179
石门县,2012,val,4.75500340367597,常德市,6.755352639282163,6.892855157639052,1.1779548986090287,5,6.109209013456845,6.10461732309118,0.5873004982652431,46,6.086036913002932,0.4502613723398215,0.6461436258253173
石门县,2013,test,4.618239625167336,常德市,6.755352639282163,6.892855157639052,1.1779548986090287,5,6.109209013456845,6.10461732309118,0.5873004982652431,46,6.119090381396531,0.7059045473608287,0.6461436258253173
石门县,2014,test,4.730592543275632,常德市,6.755352639282163,6.892855157639052,1.1779548986090287,5,6.109209013456845,6.10461732309118,0.5873004982652431,46,6.107212508684318,0.5803804712146549,0.6461436258253173
石门县,2015,train,4.872664245625619,常德市,6.755352639282163,6.892855157639052,1.1779548986090287,5,6.109209013456845,6.10461732309118,0.5873004982652431,46,6.416045213660415,1.072020979691334,0.6461436258253173
石门县,2016,train,8.134456557647836,常德市,6.755352639282163,6.892855157639052,1.1779548986090287,5,6.109209013456845,6.10461732309118,0.5873004982652431,46,6.3064721147441825,0.8712105806935805,0.6461436258253173
石门县,2017,test,6.566451335368727,常德市,6.755352639282163,6.892855157639052,1.1779548986090287,5,6.109209013456845,6.10461732309118,0.5873004982652431,46,6.327430007526471,0.764401787671466,0.6461436258253173
石门县,2018,train,6.892855157639052,常德市,6.755352639282163,6.892855157639052,1.1779548986090287,5,6.109209013456845,6.10461732309118,0.5873004982652431,46,7.221538572532166,0.9389707328235969,0.6461436258253173
石门县,2019,train,7.033137549524826,常德市,6.755352639282163,6.892855157639052,1.1779548986090287,5,6.109209013456845,6.10461732309118,0.5873004982652431,46,6.926644802578423,0.848212665604444,0.6461436258253173
石门县,2020,test,6.604748335460724,常德市,6.755352639282163,6.892855157639052,1.1779548986090287,5,6.109209013456845,6.10461732309118,0.5873004982652431,46,6.730935357890686,0.7081627342704553,0.6461436258253173
石门县,2021,train,6.8436496859734826,常德市,6.755352639282163,6.892855157639052,1.1779548986090287,5,6.109209013456845,6.10461732309118,0.5873004982652431,46,7.098739496826202,0.853627234377587,0.6461436258253173
石首市,2012,train,5.706757155503098,荆州市,6.663113494562874,6.044526627218936,1.0512360561099099,7,7.348053848752089,7.893754229446616,1.2065128355413912,46,6.086036913002932,0.4502613723398215,-0.684940354189215
石首市,2013,test,5.808907710280373,荆州市,6.663113494562874,6.044526627218936,1.0512360561099099,7,7.348053848752089,7.893754229446616,1.2065128355413912,46,6.119090381396531,0.7059045473608287,-0.684940354189215
石首市,2014,train,5.864685714285715,荆州市,6.663113494562874,6.044526627218936,1.0512360561099099,7,7.348053848752089,7.893754229446616,1.2065128355413912,46,6.107212508684318,0.5803804712146549,-0.684940354189215
石首市,2015,train,6.044526627218936,荆州市,6.663113494562874,6.044526627218936,1.0512360561099099,7,7.348053848752089,7.893754229446616,1.2065128355413912,46,6.416045213660415,1.072020979691334,-0.684940354189215
石首市,2016,val,5.695787831513261,荆州市,6.663113494562874,6.044526627218936,1.0512360561099099,7,7.348053848752089,7.893754229446616,1.2065128355413912,46,6.3064721147441825,0.8712105806935805,-0.684940354189215
石首市,2017,train,5.686684619988031,荆州市,6.663113494562874,6.044526627218936,1.0512360561099099,7,7.348053848752089,7.893754229446616,1.2065128355413912,46,6.327430007526471,0.764401787671466,-0.684940354189215
石首市,2018,train,7.816172424335066,荆州市,6.663113494562874,6.044526627218936,1.0512360561099099,7,7.348053848752089,7.893754229446616,1.2065128355413912,46,7.221538572532166,0.9389707328235969,-0.684940354189215
石首市,2019,train,7.757253634894992,荆州市,6.663113494562874,6.044526627218936,1.0512360561099099,7,7.348053848752089,7.893754229446616,1.2065128355413912,46,6.926644802578423,0.848212665604444,-0.684940354189215
石首市,2020,train,7.765714285714285,荆州市,6.663113494562874,6.044526627218936,1.0512360561099099,7,7.348053848752089,7.893754229446616,1.2065128355413912,46,6.730935357890686,0.7081627342704553,-0.684940354189215
石首市,2021,test,8.011059907834102,荆州市,6.663113494562874,6.044526627218936,1.0512360561099099,7,7.348053848752089,7.893754229446616,1.2065128355413912,46,7.098739496826202,0.853627234377587,-0.684940354189215
荆州区,2012,test,5.48454020435362,荆州市,6.159843053154819,5.774500434404866,1.1846567465393638,5,7.348053848752089,7.893754229446616,1.2065128355413912,46,6.086036913002932,0.4502613723398215,-1.1882107955972705
荆州区,2013,train,5.774500434404866,荆州市,6.159843053154819,5.774500434404866,1.1846567465393638,5,7.348053848752089,7.893754229446616,1.2065128355413912,46,6.119090381396531,0.7059045473608287,-1.1882107955972705
荆州区,2014,train,5.2825467497773815,荆州市,6.159843053154819,5.774500434404866,1.1846567465393638,5,7.348053848752089,7.893754229446616,1.2065128355413912,46,6.107212508684318,0.5803804712146549,-1.1882107955972705
荆州区,2015,train,5.901574074074074,荆州市,6.159843053154819,5.774500434404866,1.1846567465393638,5,7.348053848752089,7.893754229446616,1.2065128355413912,46,6.416045213660415,1.072020979691334,-1.1882107955972705
荆州区,2016,test,5.480830972615675,荆州市,6.159843053154819,5.774500434404866,1.1846567465393638,5,7.348053848752089,7.893754229446616,1.2065128355413912,46,6.3064721147441825,0.8712105806935805,-1.1882107955972705
荆州区,2017,train,5.6026807084729535,荆州市,6.159843053154819,5.774500434404866,1.1846567465393638,5,7.348053848752089,7.893754229446616,1.2065128355413912,46,6.327430007526471,0.764401787671466,-1.1882107955972705
荆州区,2018,val,8.065053577601107,荆州市,6.159843053154819,5.774500434404866,1.1846567465393638,5,7.348053848752089,7.893754229446616,1.2065128355413912,46,7.221538572532166,0.9389707328235969,-1.1882107955972705
荆州区,2019,test,8.073184152604549,荆州市,6.159843053154819,5.774500434404866,1.1846567465393638,5,7.348053848752089,7.893754229446616,1.2065128355413912,46,6.926644802578423,0.848212665604444,-1.1882107955972705
荆州区,2020,test,8.133602347762288,荆州市,6.159843053154819,5.774500434404866,1.1846567465393638,5,7.348053848752089,7.893754229446616,1.2065128355413912,46,6.730935357890686,0.7081627342704553,-1.1882107955972705
荆州区,2021,train,8.23791329904482,荆州市,6.159843053154819,5.774500434404866,1.1846567465393638,5,7.348053848752089,7.893754229446616,1.2065128355413912,46,7.098739496826202,0.853627234377587,-1.1882107955972705
资阳区,2012,train,6.16476391825229,益阳市,6.246586289312265,6.213280310883132,0.1083951652774585,6,6.21787687108412,6.18798065853097,0.30859416133768147,35,6.086036913002932,0.4502613723398215,0.028709418228144656
资阳区,2013,val,6.02889865802869,益阳市,6.246586289312265,6.213280310883132,0.1083951652774585,6,6.21787687108412,6.18798065853097,0.30859416133768147,35,6.119090381396531,0.7059045473608287,0.028709418228144656
资阳区,2014,train,6.18798065853097,益阳市,6.246586289312265,6.213280310883132,0.1083951652774585,6,6.21787687108412,6.18798065853097,0.30859416133768147,35,6.107212508684318,0.5803804712146549,0.028709418228144656
资阳区,2015,train,6.238579963235294,益阳市,6.246586289312265,6.213280310883132,0.1083951652774585,6,6.21787687108412,6.18798065853097,0.30859416133768147,35,6.416045213660415,1.072020979691334,0.028709418228144656
资阳区,2016,val,6.127266467753041,益阳市,6.246586289312265,6.213280310883132,0.1083951652774585,6,6.21787687108412,6.18798065853097,0.30859416133768147,35,6.3064721147441825,0.8712105806935805,0.028709418228144656
资阳区,2017,train,6.145487860614825,益阳市,6.246586289312265,6.213280310883132,0.1083951652774585,6,6.21787687108412,6.18798065853097,0.30859416133768147,35,6.327430007526471,0.764401787671466,0.028709418228144656
资阳区,2018,test,6.36635792017641,益阳市,6.246586289312265,6.213280310883132,0.1083951652774585,6,6.21787687108412,6.18798065853097,0.30859416133768147,35,7.221538572532166,0.9389707328235969,0.028709418228144656
资阳区,2019,train,6.431351613685998,益阳市,6.246586289312265,6.213280310883132,0.1083951652774585,6,6.21787687108412,6.18798065853097,0.30859416133768147,35,6.926644802578423,0.848212665604444,0.028709418228144656
资阳区,2020,train,6.311353721554208,益阳市,6.246586289312265,6.213280310883132,0.1083951652774585,6,6.21787687108412,6.18798065853097,0.30859416133768147,35,6.730935357890686,0.7081627342704553,0.028709418228144656
资阳区,2021,test,6.568621173689265,益阳市,6.246586289312265,6.213280310883132,0.1083951652774585,6,6.21787687108412,6.18798065853097,0.30859416133768147,35,7.098739496826202,0.853627234377587,0.028709418228144656
赫山区,2012,test,6.5706328415827935,益阳市,6.649583262695553,6.620951742627346,0.18449678915539466,3,6.21787687108412,6.18798065853097,0.30859416133768147,35,6.086036913002932,0.4502613723398215,0.4317063916114332
赫山区,2013,test,6.448358413132695,益阳市,6.649583262695553,6.620951742627346,0.18449678915539466,3,6.21787687108412,6.18798065853097,0.30859416133768147,35,6.119090381396531,0.7059045473608287,0.4317063916114332
赫山区,2014,val,6.582881310418904,益阳市,6.649583262695553,6.620951742627346,0.18449678915539466,3,6.21787687108412,6.18798065853097,0.30859416133768147,35,6.107212508684318,0.5803804712146549,0.4317063916114332
赫山区,2015,train,6.620951742627346,益阳市,6.649583262695553,6.620951742627346,0.18449678915539466,3,6.21787687108412,6.18798065853097,0.30859416133768147,35,6.416045213660415,1.072020979691334,0.4317063916114332
赫山区,2016,train,6.481076042082834,益阳市,6.649583262695553,6.620951742627346,0.18449678915539466,3,6.21787687108412,6.18798065853097,0.30859416133768147,35,6.3064721147441825,0.8712105806935805,0.4317063916114332
赫山区,2017,test,6.514389332490139,益阳市,6.649583262695553,6.620951742627346,0.18449678915539466,3,6.21787687108412,6.18798065853097,0.30859416133768147,35,6.327430007526471,0.764401787671466,0.4317063916114332
赫山区,2018,test,6.653161315162512,益阳市,6.649583262695553,6.620951742627346,0.18449678915539466,3,6.21787687108412,6.18798065853097,0.30859416133768147,35,7.221538572532166,0.9389707328235969,0.4317063916114332
赫山区,2019,train,6.8467220033764775,益阳市,6.649583262695553,6.620951742627346,0.18449678915539466,3,6.21787687108412,6.18798065853097,0.30859416133768147,35,6.926644802578423,0.848212665604444,0.4317063916114332
赫山区,2020,val,6.555129307246669,益阳市,6.649583262695553,6.620951742627346,0.18449678915539466,3,6.21787687108412,6.18798065853097,0.30859416133768147,35,6.730935357890686,0.7081627342704553,0.4317063916114332
赫山区,2021,test,6.834931497002545,益阳市,6.649583262695553,6.620951742627346,0.18449678915539466,3,6.21787687108412,6.18798065853097,0.30859416133768147,35,7.098739496826202,0.853627234377587,0.4317063916114332
鼎城区,2012,train,5.5630176565008025,常德市,6.097584261501393,6.09966264533901,0.399979970672891,7,6.109209013456845,6.10461732309118,0.5873004982652431,46,6.086036913002932,0.4502613723398215,-0.011624751955451984
鼎城区,2013,val,5.511043360433605,常德市,6.097584261501393,6.09966264533901,0.399979970672891,7,6.109209013456845,6.10461732309118,0.5873004982652431,46,6.119090381396531,0.7059045473608287,-0.011624751955451984
鼎城区,2014,test,5.5559000934500045,常德市,6.097584261501393,6.09966264533901,0.399979970672891,7,6.109209013456845,6.10461732309118,0.5873004982652431,46,6.107212508684318,0.5803804712146549,-0.011624751955451984
鼎城区,2015,train,5.720762382228369,常德市,6.097584261501393,6.09966264533901,0.399979970672891,7,6.109209013456845,6.10461732309118,0.5873004982652431,46,6.416045213660415,1.072020979691334,-0.011624751955451984
鼎城区,2016,train,5.881730026602591,常德市,6.097584261501393,6.09966264533901,0.399979970672891,7,6.109209013456845,6.10461732309118,0.5873004982652431,46,6.3064721147441825,0.8712105806935805,-0.011624751955451984
鼎城区,2017,train,6.09966264533901,常德市,6.097584261501393,6.09966264533901,0.399979970672891,7,6.109209013456845,6.10461732309118,0.5873004982652431,46,6.327430007526471,0.764401787671466,-0.011624751955451984
鼎城区,2018,train,6.37107332430025,常德市,6.097584261501393,6.09966264533901,0.399979970672891,7,6.109209013456845,6.10461732309118,0.5873004982652431,46,7.221538572532166,0.9389707328235969,-0.011624751955451984
鼎城区,2019,test,6.479219698215135,常德市,6.097584261501393,6.09966264533901,0.399979970672891,7,6.109209013456845,6.10461732309118,0.5873004982652431,46,6.926644802578423,0.848212665604444,-0.011624751955451984
鼎城区,2020,train,6.36837568698383,常德市,6.097584261501393,6.09966264533901,0.399979970672891,7,6.109209013456845,6.10461732309118,0.5873004982652431,46,6.730935357890686,0.7081627342704553,-0.011624751955451984
鼎城区,2021,train,6.678468108554897,常德市,6.097584261501393,6.09966264533901,0.399979970672891,7,6.109209013456845,6.10461732309118,0.5873004982652431,46,7.098739496826202,0.853627234377587,-0.011624751955451984
